{
  "metadata": {
    "generated_at": "2025-06-08T16:14:35.076675",
    "total_samples": 40,
    "genuine_samples": 24,
    "deepfake_samples": 16,
    "success_rate": 100.0,
    "analysis_version": "2.0_enhanced"
  },
  "physics_features_summary": {
    "physics_delta_ft_revised": {
      "overall_stats": {
        "mean": 0.06788354534655805,
        "std": 0.018637221756095106,
        "min": 0.0480282604694366,
        "max": 0.1147093102335929
      },
      "genuine_stats": {
        "mean": 0.06780864422519998,
        "std": 0.016130812815637222,
        "count": 24
      },
      "deepfake_stats": {
        "mean": 0.06799589702859515,
        "std": 0.02245215199459803,
        "count": 16
      },
      "discrimination_potential": 0.009578792307226365,
      "statistical_significance": 0.975646537800314,
      "practical_significance": "Low"
    },
    "physics_delta_fr_revised": {
      "overall_stats": {
        "mean": 7.1920867443084715,
        "std": 0.3408244073237276,
        "min": 6.481440544128418,
        "max": 7.837449550628662
      },
      "genuine_stats": {
        "mean": 7.111664295196533,
        "std": 0.3653662685810659,
        "count": 24
      },
      "deepfake_stats": {
        "mean": 7.312720417976379,
        "std": 0.2673195134687965,
        "count": 16
      },
      "discrimination_potential": 0.6280669988064369,
      "statistical_significance": 0.0668436661302236,
      "practical_significance": "High"
    },
    "physics_delta_fv_revised": {
      "overall_stats": {
        "mean": 1.2100189104676247,
        "std": 0.46980964329284397,
        "min": 0.7036580443382263,
        "max": 2.915168046951294
      },
      "genuine_stats": {
        "mean": 1.2879819547136624,
        "std": 0.5485981927686374,
        "count": 24
      },
      "deepfake_stats": {
        "mean": 1.093074344098568,
        "std": 0.2967995155783446,
        "count": 16
      },
      "discrimination_potential": 0.441917423447224,
      "statistical_significance": 0.202591363204574,
      "practical_significance": "Medium"
    },
    "physics_delta_f_total_revised": {
      "overall_stats": {
        "mean": 8.469989240169525,
        "std": 0.5516323965939847,
        "min": 7.476405143737793,
        "max": 10.153390884399414
      },
      "genuine_stats": {
        "mean": 8.467454850673676,
        "std": 0.66852638428772,
        "count": 24
      },
      "deepfake_stats": {
        "mean": 8.4737908244133,
        "std": 0.3253628990178216,
        "count": 16
      },
      "discrimination_potential": 0.012051714917730999,
      "statistical_significance": 0.9721607652539741,
      "practical_significance": "Low"
    }
  },
  "statistical_analysis": [
    {
      "feature": "physics_delta_ft_revised",
      "p_value": 0.975646537800314,
      "effect_size": -0.009917724641626727,
      "significant": "False",
      "mann_whitney_p": 0.648727957492339,
      "ks_test_p": 0.5377063863066543,
      "percent_difference": 0.27614886794267923,
      "interpretation": "Negligible"
    },
    {
      "feature": "physics_delta_fr_revised",
      "p_value": 0.0668436661302236,
      "effect_size": -0.6089650019072743,
      "significant": "False",
      "mann_whitney_p": 0.1187964420955191,
      "ks_test_p": 0.20536232095907972,
      "percent_difference": 2.8271317997342273,
      "interpretation": "Medium"
    },
    {
      "feature": "physics_delta_fv_revised",
      "p_value": 0.202591363204574,
      "effect_size": 0.41847223762298,
      "significant": "False",
      "mann_whitney_p": 0.3550366386519953,
      "ks_test_p": 0.7540250589217969,
      "percent_difference": -15.132790479073543,
      "interpretation": "Small"
    },
    {
      "feature": "physics_delta_f_total_revised",
      "p_value": 0.9721607652539741,
      "effect_size": -0.011337835494827163,
      "significant": "False",
      "mann_whitney_p": 0.5344829508949708,
      "ks_test_p": 0.2682495834091175,
      "percent_difference": 0.07482736963303595,
      "interpretation": "Negligible"
    }
  ],
  "key_findings": [
    "Marginal significance in physics_delta_fr_revised (p=0.0668) - potential discriminator"
  ],
  "discrimination_ranking": [
    {
      "feature": "physics_delta_fr_revised",
      "feature_name": "Rotational Frequency (\u0394f_r)",
      "discrimination_score": 0.6280669988064369,
      "p_value": 0.0668436661302236,
      "combined_score": 0.7379408750330553,
      "interpretation": "Higher values indicate algorithmic artifacts (strongest discriminator)"
    },
    {
      "feature": "physics_delta_fv_revised",
      "feature_name": "Vibrational Frequency (\u0394f_v)",
      "discrimination_score": 0.441917423447224,
      "p_value": 0.202591363204574,
      "combined_score": 0.3064162934293998,
      "interpretation": "Reflects synthesis algorithm stability"
    },
    {
      "feature": "physics_delta_f_total_revised",
      "feature_name": "Total Frequency (\u0394f_total)",
      "discrimination_score": 0.012051714917730999,
      "p_value": 0.9721607652539741,
      "combined_score": 0.00014777704662849385,
      "interpretation": "Composite measure of all dynamics"
    },
    {
      "feature": "physics_delta_ft_revised",
      "feature_name": "Translational Frequency (\u0394f_t)",
      "discrimination_score": 0.009578792307226365,
      "p_value": 0.975646537800314,
      "combined_score": 0.00010256484404050248,
      "interpretation": "Lower values indicate stable voice characteristics"
    }
  ],
  "recommendations": [
    "\u26a0\ufe0f Rotational Frequency (\u0394f_r) shows promise but needs larger sample size",
    "\ud83d\udcca Increase sample size to ~126 for 80% statistical power",
    "\ud83d\udd2c Consider multivariate analysis combining top discriminating features",
    "\ud83e\udd16 Evaluate machine learning models for feature combination"
  ]
}